{
    "zheJiang": {
        "lawServerPerson": {
            "lawyer": 0,
            "notary": 0,
            "appraiser": 0,
            "arbitrator": 0,
            "legalServiceWorker": 0,
            "legalCounsel": 0
        },
        "lawServerOrganization": {
            "lawOffice": 0,
            "notaryOffice": 0,
            "appraisalInstitution": 0,
            "arbitrationInstitution": 0,
            "legalAidCenter": 0,
            "mediationOrganization": 0,
            "judicialOffice": 0,
            "legalServiceOffice": 0
        }
    }
}